agno|grado|cod_reg|nom_reg|cod_pro|nom_pro|cod_com|nom_com|cod_deprov|nom_deprov|prom_lect2m_com|prom_mate2m_com|dif_lect2m_com|dif_mate2m_com|sigdif_lect2m_com|sigdif_mate2m_com|fecha_bbdd|codigo_bbdd
2022|2m|1|Región de Tarapacá|11|Iquique|1101|Iquique|11|Iquique|237|244|-15|-19|-1|-1|20220927|final20220927v1
2022|2m|1|Región de Tarapacá|11|Iquique|1107|Alto Hospicio|11|Iquique|239|245|-5|-8|0|-1|20220927|final20220927v1
2022|2m|1|Región de Tarapacá|14|Tamarugal|1401|Pozo Almonte|14|Tamarugal|238|240|1|1|0|0|20220927|final20220927v1
2022|2m|1|Región de Tarapacá|14|Tamarugal|1402|Camiña|14|Tamarugal|246|255|25|25|1|0|20220927|final20220927v1
2022|2m|1|Región de Tarapacá|14|Tamarugal|1403|Colchane|14|Tamarugal|200|193|-14|-20|0|0|20220927|final20220927v1
2022|2m|1|Región de Tarapacá|14|Tamarugal|1404|Huara|14|Tamarugal|234|227|14|30|0|1|20220927|final20220927v1
2022|2m|1|Región de Tarapacá|14|Tamarugal|1405|Pica|14|Tamarugal|244|253|16|25|1|1|20220927|final20220927v1
2022|2m|2|Región de Antofagasta|21|Antofagasta|2101|Antofagasta|21|Antofagasta|242|247|-7|-11|-1|-1|20220927|final20220927v1
2022|2m|2|Región de Antofagasta|21|Antofagasta|2102|Mejillones|21|Antofagasta|214|211|-6|4|0|0|20220927|final20220927v1
2022|2m|2|Región de Antofagasta|21|Antofagasta|2103|Sierra Gorda|21|Antofagasta|195|222|-24|12|0|0|20220927|final20220927v1
2022|2m|2|Región de Antofagasta|21|Antofagasta|2104|Taltal|21|Antofagasta|236|232|8|6|0|0|20220927|final20220927v1
2022|2m|2|Región de Antofagasta|22|El Loa|2201|Calama|22|El Loa|247|252|-4|-12|0|-1|20220927|final20220927v1
2022|2m|2|Región de Antofagasta|22|El Loa|2202|Ollagüe|22|El Loa|281|0|0|0|0|0|20220927|final20220927v1
2022|2m|2|Región de Antofagasta|22|El Loa|2203|San Pedro de Atacama|22|El Loa|238|234|-9|-45|0|-1|20220927|final20220927v1
2022|2m|2|Región de Antofagasta|23|Tocopilla|2301|Tocopilla|21|Antofagasta|229|223|-8|-7|0|0|20220927|final20220927v1
2022|2m|2|Región de Antofagasta|23|Tocopilla|2302|María Elena|21|Antofagasta|223|230|-10|-10|0|0|20220927|final20220927v1
2022|2m|3|Región de Atacama|31|Copiapó|3101|Copiapó|31|Copiapo - Chanaral|240|237|-2|-18|0|-1|20220927|final20220927v1
2022|2m|3|Región de Atacama|31|Copiapó|3102|Caldera|31|Copiapo - Chanaral|230|239|-5|12|0|0|20220927|final20220927v1
2022|2m|3|Región de Atacama|31|Copiapó|3103|Tierra Amarilla|31|Copiapo - Chanaral|206|195|6|2|0|0|20220927|final20220927v1
2022|2m|3|Región de Atacama|32|Chañaral|3201|Chañaral|31|Copiapo - Chanaral|226|211|-1|-12|0|0|20220927|final20220927v1
2022|2m|3|Región de Atacama|32|Chañaral|3202|Diego de Almagro|31|Copiapo - Chanaral|245|236|-1|-13|0|-1|20220927|final20220927v1
2022|2m|3|Región de Atacama|33|Huasco|3301|Vallenar|32|Huasco - Vallenar|239|244|-6|-9|0|-1|20220927|final20220927v1
2022|2m|3|Región de Atacama|33|Huasco|3302|Alto del Carmen|32|Huasco - Vallenar|227|239|-9|24|0|1|20220927|final20220927v1
2022|2m|3|Región de Atacama|33|Huasco|3303|Freirina|32|Huasco - Vallenar|200|210|-20|4|-1|0|20220927|final20220927v1
2022|2m|3|Región de Atacama|33|Huasco|3304|Huasco|32|Huasco - Vallenar|243|260|3|23|0|1|20220927|final20220927v1
2022|2m|4|Región de Coquimbo|41|Elqui|4101|La Serena|41|Elqui|248|256|-5|-14|0|-1|20220927|final20220927v1
2022|2m|4|Región de Coquimbo|41|Elqui|4102|Coquimbo|41|Elqui|246|249|-6|-15|0|-1|20220927|final20220927v1
2022|2m|4|Región de Coquimbo|41|Elqui|4103|Andacollo|41|Elqui|246|252|2|-3|0|0|20220927|final20220927v1
2022|2m|4|Región de Coquimbo|41|Elqui|4104|La Higuera|41|Elqui|216|213|7|38|0|1|20220927|final20220927v1
2022|2m|4|Región de Coquimbo|41|Elqui|4105|Paihuano|41|Elqui|232|227|-6|10|0|0|20220927|final20220927v1
2022|2m|4|Región de Coquimbo|41|Elqui|4106|Vicuña|41|Elqui|236|237|-3|-7|0|0|20220927|final20220927v1
2022|2m|4|Región de Coquimbo|43|Limarí|4303|Monte Patria|42|Limari|215|227|-21|-6|-1|0|20220927|final20220927v1
2022|2m|4|Región de Coquimbo|43|Limarí|4304|Punitaqui|42|Limari|241|242|-14|-18|-1|-1|20220927|final20220927v1
2022|2m|4|Región de Coquimbo|43|Limarí|4305|Río Hurtado|42|Limari|231|228|-13|-13|0|0|20220927|final20220927v1
2022|2m|4|Región de Coquimbo|42|Choapa|4201|Illapel|43|Choapa|230|228|-6|-5|0|0|20220927|final20220927v1
2022|2m|4|Región de Coquimbo|42|Choapa|4202|Canela|43|Choapa|234|248|-3|1|0|0|20220927|final20220927v1
2022|2m|4|Región de Coquimbo|42|Choapa|4203|Los Vilos|43|Choapa|228|231|-22|-26|-1|-1|20220927|final20220927v1
2022|2m|4|Región de Coquimbo|42|Choapa|4204|Salamanca|43|Choapa|228|233|-14|-11|-1|-1|20220927|final20220927v1
2022|2m|4|Región de Coquimbo|43|Limarí|4301|Ovalle|42|Limari|245|250|-8|-16|-1|-1|20220927|final20220927v1
2022|2m|4|Región de Coquimbo|43|Limarí|4302|Combarbalá|42|Limari|232|232|-9|-10|0|0|20220927|final20220927v1
2022|2m|5|Región de Valparaíso|51|Valparaíso|5101|Valparaíso|53|Valparaiso - Isla|237|245|-10|-13|-1|-1|20220927|final20220927v1
2022|2m|5|Región de Valparaíso|51|Valparaíso|5102|Casablanca|53|Valparaiso - Isla|230|238|-12|-9|-1|0|20220927|final20220927v1
2022|2m|5|Región de Valparaíso|51|Valparaíso|5103|Concón|53|Valparaiso - Isla|256|269|-12|-25|-1|-1|20220927|final20220927v1
2022|2m|5|Región de Valparaíso|51|Valparaíso|5104|Juan Fernández|53|Valparaiso - Isla|201|232|-45|-19|-1|0|20220927|final20220927v1
2022|2m|5|Región de Valparaíso|51|Valparaíso|5105|Puchuncaví|53|Valparaiso - Isla|225|222|-4|-9|0|0|20220927|final20220927v1
2022|2m|5|Región de Valparaíso|51|Valparaíso|5107|Quintero|53|Valparaiso - Isla|233|237|-11|-23|-1|-1|20220927|final20220927v1
2022|2m|5|Región de Valparaíso|58|Marga Marga|5803|Olmué|51|Quillota - Petorca|237|227|9|-4|0|0|20220927|final20220927v1
2022|2m|5|Región de Valparaíso|58|Marga Marga|5804|Villa Alemana|53|Valparaiso - Isla|250|260|-7|-21|0|-1|20220927|final20220927v1
2022|2m|5|Región de Valparaíso|57|San Felipe|5703|Llaillay|52|San Felipe - Los A|231|234|-10|-6|-1|0|20220927|final20220927v1
2022|2m|5|Región de Valparaíso|57|San Felipe|5704|Panquehue|52|San Felipe - Los A|259|262|-15|-31|-1|-1|20220927|final20220927v1
2022|2m|5|Región de Valparaíso|57|San Felipe|5705|Putaendo|52|San Felipe - Los A|232|236|-13|-6|-1|0|20220927|final20220927v1
2022|2m|5|Región de Valparaíso|57|San Felipe|5706|Santa María|52|San Felipe - Los A|237|231|-4|-13|0|0|20220927|final20220927v1
2022|2m|5|Región de Valparaíso|58|Marga Marga|5801|Quilpué|53|Valparaiso - Isla|239|248|-11|-14|-1|-1|20220927|final20220927v1
2022|2m|5|Región de Valparaíso|58|Marga Marga|5802|Limache|51|Quillota - Petorca|228|229|-12|-12|-1|-1|20220927|final20220927v1
2022|2m|5|Región de Valparaíso|56|San Antonio|5603|Cartagena|54|San Antonio|234|228|-5|-23|0|-1|20220927|final20220927v1
2022|2m|5|Región de Valparaíso|56|San Antonio|5604|El Quisco|54|San Antonio|229|239|-22|0|-1|0|20220927|final20220927v1
2022|2m|5|Región de Valparaíso|56|San Antonio|5605|El Tabo|54|San Antonio|216|211|-5|-4|0|0|20220927|final20220927v1
2022|2m|5|Región de Valparaíso|56|San Antonio|5606|Santo Domingo|54|San Antonio|256|254|1|4|0|0|20220927|final20220927v1
2022|2m|5|Región de Valparaíso|57|San Felipe|5701|San Felipe|52|San Felipe - Los A|251|255|-10|-21|-1|-1|20220927|final20220927v1
2022|2m|5|Región de Valparaíso|57|San Felipe|5702|Catemu|52|San Felipe - Los A|220|226|-21|-13|-1|-1|20220927|final20220927v1
2022|2m|5|Región de Valparaíso|55|Quillota|5502|La Calera|51|Quillota - Petorca|232|240|-10|-19|-1|-1|20220927|final20220927v1
2022|2m|5|Región de Valparaíso|55|Quillota|5503|Hijuelas|51|Quillota - Petorca|225|220|-17|-29|-1|-1|20220927|final20220927v1
2022|2m|5|Región de Valparaíso|55|Quillota|5504|La Cruz|51|Quillota - Petorca|226|222|-12|-11|0|0|20220927|final20220927v1
2022|2m|5|Región de Valparaíso|55|Quillota|5506|Nogales|51|Quillota - Petorca|233|235|-8|-3|0|0|20220927|final20220927v1
2022|2m|5|Región de Valparaíso|56|San Antonio|5601|San Antonio|54|San Antonio|245|247|-6|-8|0|-1|20220927|final20220927v1
2022|2m|5|Región de Valparaíso|56|San Antonio|5602|Algarrobo|54|San Antonio|233|229|-7|-3|0|0|20220927|final20220927v1
2022|2m|5|Región de Valparaíso|54|Petorca|5401|La Ligua|51|Quillota - Petorca|231|241|-11|-7|-1|0|20220927|final20220927v1
2022|2m|5|Región de Valparaíso|54|Petorca|5402|Cabildo|51|Quillota - Petorca|237|234|-5|-21|0|-1|20220927|final20220927v1
2022|2m|5|Región de Valparaíso|54|Petorca|5403|Papudo|51|Quillota - Petorca|221|217|-6|-1|0|0|20220927|final20220927v1
2022|2m|5|Región de Valparaíso|54|Petorca|5404|Petorca|51|Quillota - Petorca|226|228|-16|-15|-1|-1|20220927|final20220927v1
2022|2m|5|Región de Valparaíso|54|Petorca|5405|Zapallar|51|Quillota - Petorca|235|243|-15|-30|-1|-1|20220927|final20220927v1
2022|2m|5|Región de Valparaíso|55|Quillota|5501|Quillota|51|Quillota - Petorca|248|256|-2|-12|0|-1|20220927|final20220927v1
2022|2m|5|Región de Valparaíso|51|Valparaíso|5109|Viña del Mar|53|Valparaiso - Isla|251|259|-4|-18|0|-1|20220927|final20220927v1
2022|2m|5|Región de Valparaíso|52|Isla de Pas|5201|Isla de Pascua|53|Valparaiso - Isla|224|240|-9|-9|0|0|20220927|final20220927v1
2022|2m|5|Región de Valparaíso|53|Los Andes|5301|Los Andes|52|San Felipe - Los A|243|247|-5|-2|0|0|20220927|final20220927v1
2022|2m|5|Región de Valparaíso|53|Los Andes|5302|Calle Larga|52|San Felipe - Los A|226|231|-15|-19|-1|-1|20220927|final20220927v1
2022|2m|5|Región de Valparaíso|53|Los Andes|5303|Rinconada|52|San Felipe - Los A|245|260|-16|-15|0|0|20220927|final20220927v1
2022|2m|5|Región de Valparaíso|53|Los Andes|5304|San Esteban|52|San Felipe - Los A|221|218|-10|-9|0|0|20220927|final20220927v1
2022|2m|6|Región del Libertador|61|Cachapoal|6101|Rancagua|61|Cachapoal|245|257|-11|-20|-1|-1|20220927|final20220927v1
2022|2m|6|Región del Libertador|61|Cachapoal|6102|Codegua|61|Cachapoal|217|215|-20|-9|-1|0|20220927|final20220927v1
2022|2m|6|Región del Libertador|61|Cachapoal|6103|Coinco|61|Cachapoal|235|222|9|-1|0|0|20220927|final20220927v1
2022|2m|6|Región del Libertador|61|Cachapoal|6104|Coltauco|61|Cachapoal|229|228|4|-2|0|0|20220927|final20220927v1
2022|2m|6|Región del Libertador|61|Cachapoal|6105|Doñihue|61|Cachapoal|247|258|10|-10|1|0|20220927|final20220927v1
2022|2m|6|Región del Libertador|61|Cachapoal|6106|Graneros|61|Cachapoal|229|229|2|12|0|1|20220927|final20220927v1
2022|2m|6|Región del Libertador|63|Colchagua|6308|Placilla|62|Colchagua|246|228|34|4|1|0|20220927|final20220927v1
2022|2m|6|Región del Libertador|63|Colchagua|6309|Pumanque|62|Colchagua|||||||20220927|final20220927v1
2022|2m|6|Región del Libertador|63|Colchagua|6310|Santa Cruz|62|Colchagua|250|261|-9|-20|-1|-1|20220927|final20220927v1
2022|2m|6|Región del Libertador|63|Colchagua|6302|Chépica|62|Colchagua|237|231|19|13|1|0|20220927|final20220927v1
2022|2m|6|Región del Libertador|63|Colchagua|6303|Chimbarongo|62|Colchagua|232|241|-12|-3|-1|0|20220927|final20220927v1
2022|2m|6|Región del Libertador|63|Colchagua|6304|Lolol|62|Colchagua|239|231|-12|-8|-1|0|20220927|final20220927v1
2022|2m|6|Región del Libertador|63|Colchagua|6305|Nancagua|62|Colchagua|244|263|2|-6|0|0|20220927|final20220927v1
2022|2m|6|Región del Libertador|63|Colchagua|6306|Palmilla|62|Colchagua|218|234|-11|6|0|0|20220927|final20220927v1
2022|2m|6|Región del Libertador|63|Colchagua|6307|Peralillo|62|Colchagua|229|218|-12|-17|-1|-1|20220927|final20220927v1
2022|2m|6|Región del Libertador|62|Cardenal Ca|6202|La Estrella|63|Cardenal Caro|||||||20220927|final20220927v1
2022|2m|6|Región del Libertador|62|Cardenal Ca|6203|Litueche|63|Cardenal Caro|236|249|-12|12|0|0|20220927|final20220927v1
2022|2m|6|Región del Libertador|62|Cardenal Ca|6204|Marchihue|63|Cardenal Caro|194|224|-43|-29|-1|-1|20220927|final20220927v1
2022|2m|6|Región del Libertador|62|Cardenal Ca|6205|Navidad|63|Cardenal Caro|213|231|-35|-12|-1|0|20220927|final20220927v1
2022|2m|6|Región del Libertador|62|Cardenal Ca|6206|Paredones|63|Cardenal Caro|229|220|27|17|1|0|20220927|final20220927v1
2022|2m|6|Región del Libertador|63|Colchagua|6301|San Fernando|62|Colchagua|239|240|-10|-15|-1|-1|20220927|final20220927v1
2022|2m|6|Región del Libertador|61|Cachapoal|6113|Pichidegua|61|Cachapoal|225|226|6|-3|0|0|20220927|final20220927v1
2022|2m|6|Región del Libertador|61|Cachapoal|6114|Quinta de Tilcoco|61|Cachapoal|240|231|6|-13|0|-1|20220927|final20220927v1
2022|2m|6|Región del Libertador|61|Cachapoal|6115|Rengo|61|Cachapoal|242|248|-2|-5|0|0|20220927|final20220927v1
2022|2m|6|Región del Libertador|61|Cachapoal|6116|Requínoa|61|Cachapoal|233|234|6|-18|0|-1|20220927|final20220927v1
2022|2m|6|Región del Libertador|61|Cachapoal|6117|San Vicente|61|Cachapoal|235|237|-9|-24|-1|-1|20220927|final20220927v1
2022|2m|6|Región del Libertador|62|Cardenal Ca|6201|Pichilemu|63|Cardenal Caro|249|249|2|-6|0|0|20220927|final20220927v1
2022|2m|6|Región del Libertador|61|Cachapoal|6107|Las Cabras|61|Cachapoal|222|231|-8|3|0|0|20220927|final20220927v1
2022|2m|6|Región del Libertador|61|Cachapoal|6108|Machalí|61|Cachapoal|256|283|-9|-13|-1|-1|20220927|final20220927v1
2022|2m|6|Región del Libertador|61|Cachapoal|6109|Malloa|61|Cachapoal|188|202|-67|-17|-1|0|20220927|final20220927v1
2022|2m|6|Región del Libertador|61|Cachapoal|6110|Mostazal|61|Cachapoal|220|218|-3|-2|0|0|20220927|final20220927v1
2022|2m|6|Región del Libertador|61|Cachapoal|6111|Olivar|61|Cachapoal|241|234|-3|-15|0|-1|20220927|final20220927v1
2022|2m|6|Región del Libertador|61|Cachapoal|6112|Peumo|61|Cachapoal|227|228|-17|-21|-1|-1|20220927|final20220927v1
2022|2m|7|Región del Maule|71|Talca|7101|Talca|72|Talca|245|251|-4|-12|0|-1|20220927|final20220927v1
2022|2m|7|Región del Maule|71|Talca|7102|Constitución|72|Talca|254|265|0|-7|0|0|20220927|final20220927v1
2022|2m|7|Región del Maule|71|Talca|7103|Curepto|72|Talca|240|245|11|12|0|0|20220927|final20220927v1
2022|2m|7|Región del Maule|71|Talca|7104|Empedrado|72|Talca|234|256|3|16|0|0|20220927|final20220927v1
2022|2m|7|Región del Maule|71|Talca|7105|Maule|72|Talca|238|240|3|0|0|0|20220927|final20220927v1
2022|2m|7|Región del Maule|71|Talca|7106|Pelarco|72|Talca|224|208|17|-11|1|0|20220927|final20220927v1
2022|2m|7|Región del Maule|74|Linares|7403|Longaví|73|Linares|218|216|-10|-13|0|-1|20220927|final20220927v1
2022|2m|7|Región del Maule|74|Linares|7404|Parral|73|Linares|244|252|-6|-10|0|-1|20220927|final20220927v1
2022|2m|7|Región del Maule|74|Linares|7405|Retiro|73|Linares|226|232|-12|-20|-1|-1|20220927|final20220927v1
2022|2m|7|Región del Maule|74|Linares|7406|San Javier|73|Linares|256|276|2|-1|0|0|20220927|final20220927v1
2022|2m|7|Región del Maule|74|Linares|7407|Villa Alegre|73|Linares|211|217|-12|10|0|0|20220927|final20220927v1
2022|2m|7|Región del Maule|74|Linares|7408|Yerbas Buenas|73|Linares|221|219|4|-4|0|0|20220927|final20220927v1
2022|2m|7|Región del Maule|73|Curicó|7306|Romeral|71|Curico|239|239|2|16|0|1|20220927|final20220927v1
2022|2m|7|Región del Maule|73|Curicó|7307|Sagrada Familia|71|Curico|213|221|-21|-2|-1|0|20220927|final20220927v1
2022|2m|7|Región del Maule|73|Curicó|7308|Teno|71|Curico|245|263|-5|-12|0|-1|20220927|final20220927v1
2022|2m|7|Región del Maule|73|Curicó|7309|Vichuquén|71|Curico|225|222|-39|-32|-1|-1|20220927|final20220927v1
2022|2m|7|Región del Maule|74|Linares|7401|Linares|73|Linares|246|253|-7|-22|-1|-1|20220927|final20220927v1
2022|2m|7|Región del Maule|74|Linares|7402|Colbún|73|Linares|211|220|-12|-9|-1|0|20220927|final20220927v1
2022|2m|7|Región del Maule|72|Cauquenes|7203|Pelluhue|74|Cauquenes|199|211|-35|-29|-1|-1|20220927|final20220927v1
2022|2m|7|Región del Maule|73|Curicó|7301|Curicó|71|Curico|253|265|-6|-13|0|-1|20220927|final20220927v1
2022|2m|7|Región del Maule|73|Curicó|7302|Hualañé|71|Curico|226|240|-18|-9|-1|0|20220927|final20220927v1
2022|2m|7|Región del Maule|73|Curicó|7303|Licantén|71|Curico|244|260|-7|5|0|0|20220927|final20220927v1
2022|2m|7|Región del Maule|73|Curicó|7304|Molina|71|Curico|231|226|-1|-5|0|0|20220927|final20220927v1
2022|2m|7|Región del Maule|73|Curicó|7305|Rauco|71|Curico|205|204|14|4|0|0|20220927|final20220927v1
2022|2m|7|Región del Maule|71|Talca|7107|Pencahue|72|Talca|188|178|2|-17|0|0|20220927|final20220927v1
2022|2m|7|Región del Maule|71|Talca|7108|Río Claro|72|Talca|219|218|-22|-29|-1|-1|20220927|final20220927v1
2022|2m|7|Región del Maule|71|Talca|7109|San Clemente|72|Talca|231|224|3|2|0|0|20220927|final20220927v1
2022|2m|7|Región del Maule|71|Talca|7110|San Rafael|72|Talca|||||||20220927|final20220927v1
2022|2m|7|Región del Maule|72|Cauquenes|7201|Cauquenes|74|Cauquenes|238|239|-5|-4|0|0|20220927|final20220927v1
2022|2m|7|Región del Maule|72|Cauquenes|7202|Chanco|74|Cauquenes|217|207|-7|-9|0|0|20220927|final20220927v1
2022|2m|8|Región del Biobío|81|Concepción|8101|Concepción|83|Concepcion|247|263|-4|-10|0|-1|20220927|final20220927v1
2022|2m|8|Región del Biobío|81|Concepción|8102|Coronel|83|Concepcion|236|234|-4|-14|0|-1|20220927|final20220927v1
2022|2m|8|Región del Biobío|81|Concepción|8103|Chiguayante|83|Concepcion|247|256|-16|-40|-1|-1|20220927|final20220927v1
2022|2m|8|Región del Biobío|81|Concepción|8104|Florida|83|Concepcion|233|240|1|9|0|0|20220927|final20220927v1
2022|2m|8|Región del Biobío|81|Concepción|8105|Hualqui|83|Concepcion|222|223|-4|-9|0|0|20220927|final20220927v1
2022|2m|8|Región del Biobío|81|Concepción|8106|Lota|83|Concepcion|237|233|-4|-21|0|-1|20220927|final20220927v1
2022|2m|8|Región del Biobío|83|Biobío|8312|Tucapel|82|Bio Bio|250|234|7|-4|0|0|20220927|final20220927v1
2022|2m|8|Región del Biobío|83|Biobío|8313|Yumbel|82|Bio Bio|240|247|-5|-1|0|0|20220927|final20220927v1
2022|2m|8|Región del Biobío|83|Biobío|8314|Alto Biobío|82|Bio Bio|193|189|-22|-15|-1|0|20220927|final20220927v1
2022|2m|8|Región del Biobío|83|Biobío|8306|Nacimiento|82|Bio Bio|245|251|3|2|0|0|20220927|final20220927v1
2022|2m|8|Región del Biobío|83|Biobío|8307|Negrete|82|Bio Bio|225|233|2|14|0|0|20220927|final20220927v1
2022|2m|8|Región del Biobío|83|Biobío|8308|Quilaco|82|Bio Bio|228|249|8|33|0|1|20220927|final20220927v1
2022|2m|8|Región del Biobío|83|Biobío|8309|Quilleco|82|Bio Bio|232|220|12|-5|0|0|20220927|final20220927v1
2022|2m|8|Región del Biobío|83|Biobío|8310|San Rosendo|82|Bio Bio|273|259|6|-7|0|0|20220927|final20220927v1
2022|2m|8|Región del Biobío|83|Biobío|8311|Santa Bárbara|82|Bio Bio|230|218|-10|-15|0|-1|20220927|final20220927v1
2022|2m|8|Región del Biobío|82|Arauco|8207|Tirúa|84|Arauco|231|218|21|11|1|0|20220927|final20220927v1
2022|2m|8|Región del Biobío|83|Biobío|8301|Los Ángeles|82|Bio Bio|236|248|-16|-22|-1|-1|20220927|final20220927v1
2022|2m|8|Región del Biobío|83|Biobío|8302|Antuco|82|Bio Bio|259|242|33|11|1|0|20220927|final20220927v1
2022|2m|8|Región del Biobío|83|Biobío|8303|Cabrero|82|Bio Bio|232|241|-11|-15|-1|-1|20220927|final20220927v1
2022|2m|8|Región del Biobío|83|Biobío|8304|Laja|82|Bio Bio|244|258|4|-3|0|0|20220927|final20220927v1
2022|2m|8|Región del Biobío|83|Biobío|8305|Mulchén|82|Bio Bio|239|240|-3|-2|0|0|20220927|final20220927v1
2022|2m|8|Región del Biobío|82|Arauco|8201|Lebu|84|Arauco|239|239|-11|-27|-1|-1|20220927|final20220927v1
2022|2m|8|Región del Biobío|82|Arauco|8202|Arauco|84|Arauco|242|244|-2|-13|0|-1|20220927|final20220927v1
2022|2m|8|Región del Biobío|82|Arauco|8203|Cañete|84|Arauco|246|253|-9|-9|-1|-1|20220927|final20220927v1
2022|2m|8|Región del Biobío|82|Arauco|8204|Contulmo|84|Arauco|225|218|-25|-56|-1|-1|20220927|final20220927v1
2022|2m|8|Región del Biobío|82|Arauco|8205|Curanilahue|84|Arauco|236|247|8|-6|0|0|20220927|final20220927v1
2022|2m|8|Región del Biobío|82|Arauco|8206|Los Álamos|84|Arauco|232|232|-5|-1|0|0|20220927|final20220927v1
2022|2m|8|Región del Biobío|81|Concepción|8107|Penco|83|Concepcion|224|229|-17|-23|-1|-1|20220927|final20220927v1
2022|2m|8|Región del Biobío|81|Concepción|8108|San Pedro de la Paz|83|Concepcion|252|268|-9|-31|-1|-1|20220927|final20220927v1
2022|2m|8|Región del Biobío|81|Concepción|8109|Santa Juana|83|Concepcion|229|241|-8|-4|0|0|20220927|final20220927v1
2022|2m|8|Región del Biobío|81|Concepción|8110|Talcahuano|83|Concepcion|244|251|-5|-13|0|-1|20220927|final20220927v1
2022|2m|8|Región del Biobío|81|Concepción|8111|Tomé|83|Concepcion|227|235|-14|-5|-1|0|20220927|final20220927v1
2022|2m|8|Región del Biobío|81|Concepción|8112|Hualpén|83|Concepcion|240|263|-16|-22|-1|-1|20220927|final20220927v1
2022|2m|9|Región de La Araucaní|91|Cautín|9101|Temuco|92|Cautin Norte|248|256|-8|-16|-1|-1|20220927|final20220927v1
2022|2m|9|Región de La Araucaní|91|Cautín|9102|Carahue|92|Cautin Norte|223|218|-17|-10|-1|0|20220927|final20220927v1
2022|2m|9|Región de La Araucaní|91|Cautín|9103|Cunco|92|Cautin Norte|240|232|-2|-3|0|0|20220927|final20220927v1
2022|2m|9|Región de La Araucaní|91|Cautín|9104|Curarrehue|93|Cautin Sur|222|205|-6|4|0|0|20220927|final20220927v1
2022|2m|9|Región de La Araucaní|91|Cautín|9105|Freire|93|Cautin Sur|237|221|11|9|1|0|20220927|final20220927v1
2022|2m|9|Región de La Araucaní|91|Cautín|9106|Galvarino|92|Cautin Norte|211|216|-11|-14|0|-1|20220927|final20220927v1
2022|2m|9|Región de La Araucaní|92|Malleco|9210|Traiguén|91|Malleco|236|231|1|-6|0|0|20220927|final20220927v1
2022|2m|9|Región de La Araucaní|92|Malleco|9211|Victoria|91|Malleco|233|236|-9|-11|-1|-1|20220927|final20220927v1
2022|2m|9|Región de La Araucaní|92|Malleco|9204|Ercilla|91|Malleco|213|225|-19|-14|0|0|20220927|final20220927v1
2022|2m|9|Región de La Araucaní|92|Malleco|9205|Lonquimay|91|Malleco|224|221|-7|10|0|0|20220927|final20220927v1
2022|2m|9|Región de La Araucaní|92|Malleco|9206|Los Sauces|91|Malleco|217|212|-4|0|0|0|20220927|final20220927v1
2022|2m|9|Región de La Araucaní|92|Malleco|9207|Lumaco|91|Malleco|200|205|-20|-7|-1|0|20220927|final20220927v1
2022|2m|9|Región de La Araucaní|92|Malleco|9208|Purén|91|Malleco|238|242|-8|-5|0|0|20220927|final20220927v1
2022|2m|9|Región de La Araucaní|92|Malleco|9209|Renaico|91|Malleco|220|214|5|1|0|0|20220927|final20220927v1
2022|2m|9|Región de La Araucaní|91|Cautín|9119|Vilcún|92|Cautin Norte|236|230|-1|-12|0|-1|20220927|final20220927v1
2022|2m|9|Región de La Araucaní|91|Cautín|9120|Villarrica|93|Cautin Sur|243|241|-9|-17|-1|-1|20220927|final20220927v1
2022|2m|9|Región de La Araucaní|91|Cautín|9121|Cholchol|92|Cautin Norte|229|227|2|6|0|0|20220927|final20220927v1
2022|2m|9|Región de La Araucaní|92|Malleco|9201|Angol|91|Malleco|241|247|-9|-17|-1|-1|20220927|final20220927v1
2022|2m|9|Región de La Araucaní|92|Malleco|9202|Collipulli|91|Malleco|213|220|-28|-21|-1|-1|20220927|final20220927v1
2022|2m|9|Región de La Araucaní|92|Malleco|9203|Curacautín|91|Malleco|219|219|-16|-12|-1|-1|20220927|final20220927v1
2022|2m|9|Región de La Araucaní|91|Cautín|9113|Perquenco|92|Cautin Norte|230|223|-7|-10|0|0|20220927|final20220927v1
2022|2m|9|Región de La Araucaní|91|Cautín|9114|Pitrufquén|93|Cautin Sur|255|251|5|-4|0|0|20220927|final20220927v1
2022|2m|9|Región de La Araucaní|91|Cautín|9115|Pucón|93|Cautin Sur|246|249|-8|-4|0|0|20220927|final20220927v1
2022|2m|9|Región de La Araucaní|91|Cautín|9116|Saavedra|92|Cautin Norte|209|204|-20|-3|-1|0|20220927|final20220927v1
2022|2m|9|Región de La Araucaní|91|Cautín|9117|Teodoro Schmidt|93|Cautin Sur|229|225|-9|1|0|0|20220927|final20220927v1
2022|2m|9|Región de La Araucaní|91|Cautín|9118|Toltén|93|Cautin Sur|263|246|35|30|1|1|20220927|final20220927v1
2022|2m|9|Región de La Araucaní|91|Cautín|9107|Gorbea|93|Cautin Sur|212|220|-14|3|-1|0|20220927|final20220927v1
2022|2m|9|Región de La Araucaní|91|Cautín|9108|Lautaro|92|Cautin Norte|222|230|-6|0|0|0|20220927|final20220927v1
2022|2m|9|Región de La Araucaní|91|Cautín|9109|Loncoche|93|Cautin Sur|241|254|-8|-10|0|-1|20220927|final20220927v1
2022|2m|9|Región de La Araucaní|91|Cautín|9110|Melipeuco|92|Cautin Norte|227|216|-19|-8|-1|0|20220927|final20220927v1
2022|2m|9|Región de La Araucaní|91|Cautín|9111|Nueva Imperial|92|Cautin Norte|223|226|-10|-7|-1|0|20220927|final20220927v1
2022|2m|9|Región de La Araucaní|91|Cautín|9112|Padre las Casas|93|Cautin Sur|226|237|-18|-11|-1|-1|20220927|final20220927v1
2022|2m|10|Región de Los Lagos|101|Llanquihue|10101|Puerto Montt|101|Llanquihue|245|253|-6|-11|-1|-1|20220927|final20220927v1
2022|2m|10|Región de Los Lagos|101|Llanquihue|10102|Calbuco|101|Llanquihue|221|225|-17|-22|-1|-1|20220927|final20220927v1
2022|2m|10|Región de Los Lagos|101|Llanquihue|10103|Cochamó|101|Llanquihue|247|233|-2|-3|0|0|20220927|final20220927v1
2022|2m|10|Región de Los Lagos|101|Llanquihue|10104|Fresia|101|Llanquihue|249|246|24|22|1|1|20220927|final20220927v1
2022|2m|10|Región de Los Lagos|101|Llanquihue|10105|Frutillar|101|Llanquihue|231|234|-5|-19|0|-1|20220927|final20220927v1
2022|2m|10|Región de Los Lagos|101|Llanquihue|10106|Los Muermos|101|Llanquihue|233|239|-5|-5|0|0|20220927|final20220927v1
2022|2m|10|Región de Los Lagos|103|Osorno|10306|San Juan de la Costa|103|Osorno|228|209|-8|-1|0|0|20220927|final20220927v1
2022|2m|10|Región de Los Lagos|103|Osorno|10307|San Pablo|103|Osorno|210|207|-22|-14|-1|0|20220927|final20220927v1
2022|2m|10|Región de Los Lagos|104|Palena|10401|Chaitén|104|Palena|201|208|-32|-29|-1|-1|20220927|final20220927v1
2022|2m|10|Región de Los Lagos|104|Palena|10402|Futaleufú|104|Palena|244|247|-3|-29|0|-1|20220927|final20220927v1
2022|2m|10|Región de Los Lagos|104|Palena|10403|Hualaihué|101|Llanquihue|244|235|-7|4|0|0|20220927|final20220927v1
2022|2m|10|Región de Los Lagos|104|Palena|10404|Palena|104|Palena|233|246|2|-11|0|0|20220927|final20220927v1
2022|2m|10|Región de Los Lagos|102|Chiloé|10210|Quinchao|102|Chiloe|242|240|-9|-14|0|-1|20220927|final20220927v1
2022|2m|10|Región de Los Lagos|103|Osorno|10301|Osorno|103|Osorno|248|258|-10|-17|-1|-1|20220927|final20220927v1
2022|2m|10|Región de Los Lagos|103|Osorno|10302|Puerto Octay|103|Osorno|235|225|0|2|0|0|20220927|final20220927v1
2022|2m|10|Región de Los Lagos|103|Osorno|10303|Purranque|103|Osorno|243|245|-6|-4|0|0|20220927|final20220927v1
2022|2m|10|Región de Los Lagos|103|Osorno|10304|Puyehue|103|Osorno|235|241|-6|-22|0|-1|20220927|final20220927v1
2022|2m|10|Región de Los Lagos|103|Osorno|10305|Río Negro|103|Osorno|236|219|-12|-38|-1|-1|20220927|final20220927v1
2022|2m|10|Región de Los Lagos|102|Chiloé|10204|Curaco de Vélez|102|Chiloe|217|229|-9|-13|0|0|20220927|final20220927v1
2022|2m|10|Región de Los Lagos|102|Chiloé|10205|Dalcahue|102|Chiloe|217|222|13|17|1|0|20220927|final20220927v1
2022|2m|10|Región de Los Lagos|102|Chiloé|10206|Puqueldón|102|Chiloe|||||||20220927|final20220927v1
2022|2m|10|Región de Los Lagos|102|Chiloé|10207|Queilén|102|Chiloe|266|263|20|5|1|0|20220927|final20220927v1
2022|2m|10|Región de Los Lagos|102|Chiloé|10208|Quellón|102|Chiloe|232|232|-16|-21|-1|-1|20220927|final20220927v1
2022|2m|10|Región de Los Lagos|102|Chiloé|10209|Quemchi|102|Chiloe|232|233|7|7|0|0|20220927|final20220927v1
2022|2m|10|Región de Los Lagos|101|Llanquihue|10107|Llanquihue|101|Llanquihue|254|255|31|26|1|1|20220927|final20220927v1
2022|2m|10|Región de Los Lagos|101|Llanquihue|10108|Maullín|101|Llanquihue|231|224|1|2|0|0|20220927|final20220927v1
2022|2m|10|Región de Los Lagos|101|Llanquihue|10109|Puerto Varas|101|Llanquihue|251|269|-7|-13|0|-1|20220927|final20220927v1
2022|2m|10|Región de Los Lagos|102|Chiloé|10201|Castro|102|Chiloe|250|242|-2|-18|0|-1|20220927|final20220927v1
2022|2m|10|Región de Los Lagos|102|Chiloé|10202|Ancud|102|Chiloe|241|252|-4|3|0|0|20220927|final20220927v1
2022|2m|10|Región de Los Lagos|102|Chiloé|10203|Chonchi|102|Chiloe|213|227|-27|-10|-1|0|20220927|final20220927v1
2022|2m|11|Región de Aysén del G|111|Coyhaique|11101|Coyhaique|111|Coyhaique|245|251|1|-19|0|-1|20220927|final20220927v1
2022|2m|11|Región de Aysén del G|111|Coyhaique|11102|Lago Verde|111|Coyhaique|||||||20220927|final20220927v1
2022|2m|11|Región de Aysén del G|112|Aysén|11201|Aysén|111|Coyhaique|240|249|-10|-12|-1|-1|20220927|final20220927v1
2022|2m|11|Región de Aysén del G|112|Aysén|11202|Cisnes|111|Coyhaique|237|219|5|-4|0|0|20220927|final20220927v1
2022|2m|11|Región de Aysén del G|112|Aysén|11203|Guaitecas|111|Coyhaique|243|231|13|-10|0|0|20220927|final20220927v1
2022|2m|11|Región de Aysén del G|113|Capitán Pra|11301|Cochrane|111|Coyhaique|226|244|-48|-10|-1|0|20220927|final20220927v1
2022|2m|11|Región de Aysén del G|113|Capitán Pra|11302|O'higgins|111|Coyhaique|233|234|0|0|0|0|20220927|final20220927v1
2022|2m|11|Región de Aysén del G|113|Capitán Pra|11303|Tortel|111|Coyhaique|||||||20220927|final20220927v1
2022|2m|11|Región de Aysén del G|114|General Car|11401|Chile Chico|111|Coyhaique|253|263|18|22|1|1|20220927|final20220927v1
2022|2m|11|Región de Aysén del G|114|General Car|11402|Río Ibáñez|111|Coyhaique|218|210|0|-16|0|0|20220927|final20220927v1
2022|2m|12|Región de Magallanes|121|Magallanes|12101|Punta Arenas|121|Magallanes|249|254|-3|-10|0|-1|20220927|final20220927v1
2022|2m|12|Región de Magallanes|121|Magallanes|12102|Laguna Blanca|121|Magallanes|||||||20220927|final20220927v1
2022|2m|12|Región de Magallanes|121|Magallanes|12103|Río Verde|121|Magallanes|||||||20220927|final20220927v1
2022|2m|12|Región de Magallanes|121|Magallanes|12104|San Gregorio|121|Magallanes|||||||20220927|final20220927v1
2022|2m|12|Región de Magallanes|122|Antártica C|12201|Cabo de Hornos|121|Magallanes|264|269|1|5|0|0|20220927|final20220927v1
2022|2m|12|Región de Magallanes|122|Antártica C|12202|Antártica|121|Magallanes|||||||20220927|final20220927v1
2022|2m|12|Región de Magallanes|123|Tierra del|12301|Porvenir|121|Magallanes|241|224|2|-22|0|-1|20220927|final20220927v1
2022|2m|12|Región de Magallanes|123|Tierra del|12302|Primavera|121|Magallanes|||||||20220927|final20220927v1
2022|2m|12|Región de Magallanes|123|Tierra del|12303|Timaukel|121|Magallanes|||||||20220927|final20220927v1
2022|2m|12|Región de Magallanes|124|Última Espe|12401|Natales|121|Magallanes|239|239|-11|-15|-1|-1|20220927|final20220927v1
2022|2m|12|Región de Magallanes|124|Última Espe|12402|Torres del Paine|121|Magallanes|||||||20220927|final20220927v1
2022|2m|13|Región metropolitana|131|Santiago|13101|Santiago|131|Centro|249|255|-1|-17|0|-1|20220927|final20220927v1
2022|2m|13|Región metropolitana|131|Santiago|13102|Cerrillos|134|Poniente|238|246|0|-14|0|-1|20220927|final20220927v1
2022|2m|13|Región metropolitana|131|Santiago|13103|Cerro Navia|134|Poniente|226|231|-4|-7|0|0|20220927|final20220927v1
2022|2m|13|Región metropolitana|131|Santiago|13104|Conchalí|137|Norte|231|234|-1|-10|0|-1|20220927|final20220927v1
2022|2m|13|Región metropolitana|131|Santiago|13105|El Bosque|132|Sur|240|252|-2|-6|0|0|20220927|final20220927v1
2022|2m|13|Región metropolitana|131|Santiago|13106|Estación Central|134|Poniente|233|240|-7|-14|-1|-1|20220927|final20220927v1
2022|2m|13|Región metropolitana|136|Talagante|13602|El Monte|135|Talagante|227|230|-4|-1|0|0|20220927|final20220927v1
2022|2m|13|Región metropolitana|136|Talagante|13603|Isla de Maipo|135|Talagante|227|230|-16|-25|-1|-1|20220927|final20220927v1
2022|2m|13|Región metropolitana|136|Talagante|13604|Padre Hurtado|135|Talagante|239|245|1|4|0|0|20220927|final20220927v1
2022|2m|13|Región metropolitana|136|Talagante|13605|Peñaflor|135|Talagante|238|238|-2|-6|0|0|20220927|final20220927v1
2022|2m|13|Región metropolitana|135|Melipilla|13501|Melipilla|135|Talagante|243|248|-1|-6|0|0|20220927|final20220927v1
2022|2m|13|Región metropolitana|135|Melipilla|13502|Alhué|135|Talagante|214|214|-4|2|0|0|20220927|final20220927v1
2022|2m|13|Región metropolitana|135|Melipilla|13503|Curacaví|135|Talagante|238|239|0|-3|0|0|20220927|final20220927v1
2022|2m|13|Región metropolitana|135|Melipilla|13504|María Pinto|135|Talagante|207|222|-11|-1|-1|0|20220927|final20220927v1
2022|2m|13|Región metropolitana|135|Melipilla|13505|San Pedro|135|Talagante|218|219|2|5|0|0|20220927|final20220927v1
2022|2m|13|Región metropolitana|136|Talagante|13601|Talagante|135|Talagante|246|256|-3|-9|0|-1|20220927|final20220927v1
2022|2m|13|Región metropolitana|133|Chacabuco|13302|Lampa|137|Norte|237|247|2|8|0|1|20220927|final20220927v1
2022|2m|13|Región metropolitana|133|Chacabuco|13303|Tiltil|137|Norte|231|229|-3|-3|0|0|20220927|final20220927v1
2022|2m|13|Región metropolitana|134|Maipo|13401|San Bernardo|132|Sur|241|247|-5|-9|0|-1|20220927|final20220927v1
2022|2m|13|Región metropolitana|134|Maipo|13402|Buin|132|Sur|236|247|-3|-8|0|-1|20220927|final20220927v1
2022|2m|13|Región metropolitana|134|Maipo|13403|Calera de Tango|132|Sur|254|273|2|-10|0|-1|20220927|final20220927v1
2022|2m|13|Región metropolitana|134|Maipo|13404|Paine|132|Sur|238|249|-8|-10|-1|-1|20220927|final20220927v1
2022|2m|13|Región metropolitana|131|Santiago|13131|San Ramón|132|Sur|244|245|5|-2|0|0|20220927|final20220927v1
2022|2m|13|Región metropolitana|131|Santiago|13132|Vitacura|133|Oriente|279|327|2|-2|0|0|20220927|final20220927v1
2022|2m|13|Región metropolitana|132|Cordillera|13201|Puente Alto|136|Cordillera|244|256|-8|-14|-1|-1|20220927|final20220927v1
2022|2m|13|Región metropolitana|132|Cordillera|13202|Pirque|136|Cordillera|229|235|-14|-7|-1|0|20220927|final20220927v1
2022|2m|13|Región metropolitana|132|Cordillera|13203|San José de Maipo|136|Cordillera|242|239|8|10|0|0|20220927|final20220927v1
2022|2m|13|Región metropolitana|133|Chacabuco|13301|Colina|137|Norte|253|277|-1|-4|0|0|20220927|final20220927v1
2022|2m|13|Región metropolitana|131|Santiago|13125|Quilicura|137|Norte|248|262|-3|-10|0|-1|20220927|final20220927v1
2022|2m|13|Región metropolitana|131|Santiago|13126|Quinta Normal|134|Poniente|229|238|-1|-2|0|0|20220927|final20220927v1
2022|2m|13|Región metropolitana|131|Santiago|13127|Recoleta|137|Norte|232|243|-14|-16|-1|-1|20220927|final20220927v1
2022|2m|13|Región metropolitana|131|Santiago|13128|Renca|134|Poniente|241|250|-9|-16|-1|-1|20220927|final20220927v1
2022|2m|13|Región metropolitana|131|Santiago|13129|San Joaquín|131|Centro|225|230|-9|-13|-1|-1|20220927|final20220927v1
2022|2m|13|Región metropolitana|131|Santiago|13130|San Miguel|131|Centro|243|250|-1|-3|0|0|20220927|final20220927v1
2022|2m|13|Región metropolitana|131|Santiago|13119|Maipú|134|Poniente|246|257|-7|-18|-1|-1|20220927|final20220927v1
2022|2m|13|Región metropolitana|131|Santiago|13120|Ñuñoa|133|Oriente|252|270|2|-5|0|0|20220927|final20220927v1
2022|2m|13|Región metropolitana|131|Santiago|13121|Pedro Aguirre Cerda|131|Centro|234|244|-5|-8|0|0|20220927|final20220927v1
2022|2m|13|Región metropolitana|131|Santiago|13122|Peñalolén|133|Oriente|248|266|-4|-13|0|-1|20220927|final20220927v1
2022|2m|13|Región metropolitana|131|Santiago|13123|Providencia|133|Oriente|267|284|4|-15|0|-1|20220927|final20220927v1
2022|2m|13|Región metropolitana|131|Santiago|13124|Pudahuel|134|Poniente|242|254|-1|0|0|0|20220927|final20220927v1
2022|2m|13|Región metropolitana|131|Santiago|13113|La Reina|133|Oriente|266|293|1|-12|0|-1|20220927|final20220927v1
2022|2m|13|Región metropolitana|131|Santiago|13114|Las Condes|133|Oriente|270|313|-3|-7|0|-1|20220927|final20220927v1
2022|2m|13|Región metropolitana|131|Santiago|13115|Lo Barnechea|133|Oriente|273|321|0|-3|0|0|20220927|final20220927v1
2022|2m|13|Región metropolitana|131|Santiago|13116|Lo Espejo|132|Sur|229|244|-16|-5|-1|0|20220927|final20220927v1
2022|2m|13|Región metropolitana|131|Santiago|13117|Lo Prado|134|Poniente|236|234|6|1|0|0|20220927|final20220927v1
2022|2m|13|Región metropolitana|131|Santiago|13118|Macul|133|Oriente|254|262|8|-8|1|0|20220927|final20220927v1
2022|2m|13|Región metropolitana|131|Santiago|13107|Huechuraba|137|Norte|260|290|-3|-6|0|0|20220927|final20220927v1
2022|2m|13|Región metropolitana|131|Santiago|13108|Independencia|137|Norte|247|243|3|-7|0|0|20220927|final20220927v1
2022|2m|13|Región metropolitana|131|Santiago|13109|La Cisterna|132|Sur|235|240|-3|-11|0|-1|20220927|final20220927v1
2022|2m|13|Región metropolitana|131|Santiago|13110|La Florida|136|Cordillera|246|259|-6|-11|0|-1|20220927|final20220927v1
2022|2m|13|Región metropolitana|131|Santiago|13111|La granja|132|Sur|238|250|-4|0|0|0|20220927|final20220927v1
2022|2m|13|Región metropolitana|131|Santiago|13112|La Pintana|136|Cordillera|232|238|-5|-11|0|-1|20220927|final20220927v1
2022|2m|14|Región de los ríos|141|Valdivia|14101|Valdivia|141|Valdivia|248|253|-7|-11|-1|-1|20220927|final20220927v1
2022|2m|14|Región de los ríos|141|Valdivia|14102|Corral|141|Valdivia|248|241|2|-5|0|0|20220927|final20220927v1
2022|2m|14|Región de los ríos|141|Valdivia|14103|Lanco|141|Valdivia|247|242|12|20|1|1|20220927|final20220927v1
2022|2m|14|Región de los ríos|141|Valdivia|14104|Los Lagos|141|Valdivia|228|223|15|10|1|0|20220927|final20220927v1
2022|2m|14|Región de los ríos|141|Valdivia|14105|Máfil|141|Valdivia|228|223|-23|-2|-1|0|20220927|final20220927v1
2022|2m|14|Región de los ríos|141|Valdivia|14106|Mariquina|141|Valdivia|242|238|-7|-8|0|0|20220927|final20220927v1
2022|2m|14|Región de los ríos|141|Valdivia|14107|Paillaco|141|Valdivia|235|234|-16|-8|-1|0|20220927|final20220927v1
2022|2m|14|Región de los ríos|141|Valdivia|14108|Panguipulli|141|Valdivia|247|243|-2|-7|0|0|20220927|final20220927v1
2022|2m|14|Región de los ríos|142|Del Ranco|14201|La Unión|142|Ranco|251|252|-3|-21|0|-1|20220927|final20220927v1
2022|2m|14|Región de los ríos|142|Del Ranco|14202|Futrono|142|Ranco|238|230|4|-3|0|0|20220927|final20220927v1
2022|2m|14|Región de los ríos|142|Del Ranco|14203|Lago Ranco|142|Ranco|233|223|-23|-34|-1|-1|20220927|final20220927v1
2022|2m|14|Región de los ríos|142|Del Ranco|14204|Río Bueno|142|Ranco|239|235|-13|-13|-1|-1|20220927|final20220927v1
2022|2m|15|Región de arica y par|151|Arica|15101|Arica|151|Arica|246|255|-3|-10|0|-1|20220927|final20220927v1
2022|2m|15|Región de arica y par|151|Arica|15102|Camarones|151|Arica|241|237|0|0|0|0|20220927|final20220927v1
2022|2m|15|Región de arica y par|152|Parinacota|15201|Putre|152|Parinacota|229|194|-9|-35|0|-1|20220927|final20220927v1
2022|2m|15|Región de arica y par|152|Parinacota|15202|General Lagos|152|Parinacota|||||||20220927|final20220927v1
2022|2m|16|Región de Ñuble|161|Diguillín|16101|Chillán|161|Diguillín|239|253|-11|-12|-1|-1|20220927|final20220927v1
2022|2m|16|Región de Ñuble|161|Diguillín|16102|Bulnes|161|Diguillín|221|234|-22|-12|-1|-1|20220927|final20220927v1
2022|2m|16|Región de Ñuble|161|Diguillín|16103|Chillán Viejo|161|Diguillín|234|236|-7|-12|0|-1|20220927|final20220927v1
2022|2m|16|Región de Ñuble|161|Diguillín|16104|El Carmen|161|Diguillín|223|230|-9|-9|0|0|20220927|final20220927v1
2022|2m|16|Región de Ñuble|161|Diguillín|16105|Pemuco|161|Diguillín|226|215|5|-14|0|0|20220927|final20220927v1
2022|2m|16|Región de Ñuble|161|Diguillín|16106|Pinto|161|Diguillín|227|226|7|0|0|0|20220927|final20220927v1
2022|2m|16|Región de Ñuble|163|Punilla|16303|Ñiquén|161|Diguillín|227|225|19|2|1|0|20220927|final20220927v1
2022|2m|16|Región de Ñuble|163|Punilla|16304|San Fabián|161|Diguillín|212|256|-20|29|-1|1|20220927|final20220927v1
2022|2m|16|Región de Ñuble|163|Punilla|16305|San Nicolás|161|Diguillín|279|316|-3|-8|0|0|20220927|final20220927v1
2022|2m|16|Región de Ñuble|162|Itata|16204|Ninhue|161|Diguillín|227|233|-9|13|0|0|20220927|final20220927v1
2022|2m|16|Región de Ñuble|162|Itata|16205|Portezuelo|161|Diguillín|217|214|-12|-20|0|-1|20220927|final20220927v1
2022|2m|16|Región de Ñuble|162|Itata|16206|Ránquil|161|Diguillín|232|245|7|13|0|0|20220927|final20220927v1
2022|2m|16|Región de Ñuble|162|Itata|16207|Treguaco|161|Diguillín|224|240|-21|7|-1|0|20220927|final20220927v1
2022|2m|16|Región de Ñuble|163|Punilla|16301|San Carlos|161|Diguillín|246|261|-6|-9|0|-1|20220927|final20220927v1
2022|2m|16|Región de Ñuble|163|Punilla|16302|Coihueco|161|Diguillín|244|261|8|24|0|1|20220927|final20220927v1
2022|2m|16|Región de Ñuble|161|Diguillín|16107|Quillón|161|Diguillín|232|239|-15|-17|-1|-1|20220927|final20220927v1
2022|2m|16|Región de Ñuble|161|Diguillín|16108|San Ignacio|161|Diguillín|237|229|6|-8|0|0|20220927|final20220927v1
2022|2m|16|Región de Ñuble|161|Diguillín|16109|Yungay|161|Diguillín|247|250|-8|-8|0|0|20220927|final20220927v1
2022|2m|16|Región de Ñuble|162|Itata|16201|Quirihue|161|Diguillín|244|267|-15|12|-1|0|20220927|final20220927v1
2022|2m|16|Región de Ñuble|162|Itata|16202|Cobquecura|161|Diguillín|209|226|-6|17|0|0|20220927|final20220927v1
2022|2m|16|Región de Ñuble|162|Itata|16203|Coelemu|161|Diguillín|228|235|-29|-38|-1|-1|20220927|final20220927v1
